Семенова Елена,Английский язык,Ковалева Анна,2023-10-10,5
Титов Владислав,География,Орлов Сергей,2023-10-12,4
Власова Алина,Биология,Ткаченко Наталья,2023-10-15,5
Белов Станислав,Литература,Белова Светлана,2023-10-18,4
Дорофеев Никита,История,Морозов Дмитрий,2023-10-20,3
Калинина Ольга,Английский язык,Ковалева Анна,2023-10-22,5
Максимов Кирилл,География,Орлов Сергей,2023-10-25,4
Игнатьев Роман,Математика,Петрова Ольга,2023-10-28,5
Савельева Анастасия,Физика,Сидоров Иван,2023-11-01,4
Гусев Артур,Информатика,Козлов Андрей,2023-11-03,3
Миронова Вероника,Химия,Васильева Елена,2023-11-05,5
Кудрявцев Глеб,Математика,Петрова Ольга,2023-11-08,4
Орлова Дарья,Физика,Сидоров Иван,2023-11-10,5
Жуков Александр,Информатика,Козлов Андрей,2023-11-12,4
Фомина Ксения,Химия,Васильева Елена,2023-11-15,3
Степанов Игорь,Биология,Ткаченко Наталья,2023-11-18,5
Чернова Виталина,Литература,Белова Светлана,2023-11-20,4
Иванов Алексей,Математика,Петрова Ольга,2023-09-10,5
Петрова Мария,Физика,Сидоров Иван,2023-09-12,4
Смирнов Дмитрий,Информатика,Козлов Андрей,2023-09-15,5
Кузнецова Анна,Химия,Васильева Елена,2023-09-17,3
Соколов Павел,Математика,Петрова Ольга,2023-09-18,4
Морозова Екатерина,Физика,Сидоров Иван,2023-09-20,5
Новиков Артем,Информатика,Козлов Андрей,2023-09-22,4
Лебедева Виктория,Химия,Васильева Елена,2023-09-25,5
Федоров Максим,Математика,Петрова Ольга,2023-09-28,3
Григорьева Софья,Физика,Сидоров Иван,2023-10-01,4
Яковлев Илья,Биология,Ткаченко Наталья,2023-10-03,5
Захарова Дарья,Литература,Белова Светлана,2023-10-05,4
Крылов Антон,История,Морозов Дмитрий,2023-10-08,3
Крылов Антон,История,Морозов Дмитрий,2023-10-08,2
Крылов Антон,История,Морозов Дмитрий,2023-10-08,5
Крылов Антон,История,Морозов Дмитрий,2023-10-08,5
Крылов Антон,История,Морозов Дмитрий,2023-10-08,5
